刘二上访记,,大陆,剧情,https://movie.douban.com/subject/21715471/,https://img3.doubanio.com/lpic/s25805382.jpg
茶馆,9.3,大陆,剧情,https://movie.douban.com/subject/1461403/,https://img3.doubanio.com/view/photo/s_ratio_poster/public/p2262122096.jpg
背靠背，脸对脸,9.3,大陆,剧情,https://movie.douban.com/subject/1307856/,https://img1.doubanio.com/view/photo/s_ratio_poster/public/p2512625908.jpg
荒山泪,9.3,大陆,剧情,https://movie.douban.com/subject/3724033/,https://img3.doubanio.com/view/photo/s_ratio_poster/public/p1945500364.jpg
鬼子来了,9.2,大陆,剧情,https://movie.douban.com/subject/1291858/,https://img3.doubanio.com/view/photo/s_ratio_poster/public/p1181775734.jpg
狐妖小红娘剧场版：王权富贵,9.2,大陆,剧情,https://movie.douban.com/subject/26946612/,https://img3.doubanio.com/view/photo/s_ratio_poster/public/p2409467410.jpg
活着,9.1,大陆,剧情,https://movie.douban.com/subject/1292365/,https://img3.doubanio.com/view/photo/s_ratio_poster/public/p2513253791.jpg
天堂回信,9.1,大陆,剧情,https://movie.douban.com/subject/1418076/,https://img3.doubanio.com/view/photo/s_ratio_poster/public/p1090024531.jpg
红楼梦,9.1,大陆,剧情,https://movie.douban.com/subject/1329969/,https://img3.doubanio.com/view/photo/s_ratio_poster/public/p2322451692.jpg
四个春天,9.4,大陆,剧情,https://movie.douban.com/subject/27191492/,https://img3.doubanio.com/view/photo/s_ratio_poster/public/p2506769505.jpg
金花路5号,9.1,大陆,剧情,https://movie.douban.com/subject/2282452/,https://img3.doubanio.com/view/photo/s_ratio_poster/public/p1961367162.jpg
芙蓉镇,9.0,大陆,剧情,https://movie.douban.com/subject/1297880/,https://img3.doubanio.com/view/photo/s_ratio_poster/public/p2184544013.jpg
如此爹娘,9.0,大陆,剧情,https://movie.douban.com/subject/3032535/,https://img3.doubanio.com/view/photo/s_ratio_poster/public/p2323730451.jpg
孔明灯,9.0,大陆,剧情,https://movie.douban.com/subject/6785099/,https://img3.doubanio.com/lpic/s6852223.jpg
霍伊特团队,9.7,美国,剧情,https://movie.douban.com/subject/2006101/,https://img3.doubanio.com/view/photo/s_ratio_poster/public/p2329853674.jpg
肖申克的救赎,9.6,美国,剧情,https://movie.douban.com/subject/1292052/,https://img3.doubanio.com/view/photo/s_ratio_poster/public/p480747492.jpg
控方证人,9.6,美国,剧情,https://movie.douban.com/subject/1296141/,https://img1.doubanio.com/view/photo/s_ratio_poster/public/p1505392928.jpg
威尔和格蕾丝 告别秀,9.6,美国,剧情,https://movie.douban.com/subject/2263259/,https://img1.doubanio.com/view/photo/s_ratio_poster/public/p2408281629.jpg
迈克尔·杰克逊：音乐历史专辑全集,9.6,美国,剧情,https://movie.douban.com/subject/2122919/,https://img3.doubanio.com/lpic/s2541232.jpg
演员工作室：老爸老妈的浪漫史,9.5,美国,剧情,https://movie.douban.com/subject/25855990/,https://img3.doubanio.com/view/photo/s_ratio_poster/public/p2176444996.jpg
NBA黄金50周年纪念特辑,9.6,美国,剧情,https://movie.douban.com/subject/3145883/,https://img3.doubanio.com/view/photo/s_ratio_poster/public/p2381286642.jpg
天使在美国第二部：重建,9.5,美国,剧情,https://movie.douban.com/subject/27045950/,https://img3.doubanio.com/view/photo/s_ratio_poster/public/p2474462430.jpg
AFI终身成就奖：向阿尔帕西诺致敬,9.6,美国,剧情,https://movie.douban.com/subject/4832752/,https://img3.doubanio.com/view/photo/s_ratio_poster/public/p1586263052.jpg
拉娜·德雷：西海岸,9.4,美国,剧情,https://movie.douban.com/subject/25940511/,https://img3.doubanio.com/view/photo/s_ratio_poster/public/p2193232040.jpg
豪斯医生完季特别篇：天鹅挽歌,9.5,美国,剧情,https://movie.douban.com/subject/10757823/,https://img3.doubanio.com/view/photo/s_ratio_poster/public/p2201534004.jpg
怪诞小镇特别篇：松林之间,9.5,美国,剧情,https://movie.douban.com/subject/26744258/,https://img3.doubanio.com/view/photo/s_ratio_poster/public/p2324315416.jpg
跳出我天地音乐剧,9.4,美国,剧情,https://movie.douban.com/subject/26264388/,https://img3.doubanio.com/view/photo/s_ratio_poster/public/p2215874393.jpg
阿甘正传,9.4,美国,剧情,https://movie.douban.com/subject/1292720/,https://img1.doubanio.com/view/photo/s_ratio_poster/public/p510876377.jpg
辛德勒的名单,9.4,美国,剧情,https://movie.douban.com/subject/1295124/,https://img3.doubanio.com/view/photo/s_ratio_poster/public/p492406163.jpg
十二怒汉,9.4,美国,剧情,https://movie.douban.com/subject/1293182/,https://img3.doubanio.com/view/photo/s_ratio_poster/public/p2173577632.jpg
十二怒汉,9.4,美国,剧情,https://movie.douban.com/subject/10583098/,https://img3.doubanio.com/view/photo/s_ratio_poster/public/p2153875961.jpg
控方证人,9.4,美国,剧情,https://movie.douban.com/subject/5294851/,https://img3.doubanio.com/view/photo/s_ratio_poster/public/p2367853261.jpg
绝不折中：绝命毒师最终季制作记录,9.4,美国,剧情,https://movie.douban.com/subject/25779043/,https://img3.doubanio.com/view/photo/s_ratio_poster/public/p2208788564.jpg
疑犯追踪 试播集,9.4,美国,剧情,https://movie.douban.com/subject/24700683/,https://img1.doubanio.com/view/photo/s_ratio_poster/public/p1974739828.jpg
拽妹黛薇儿要上大学了没,9.3,美国,剧情,https://movie.douban.com/subject/2054458/,https://img1.doubanio.com/view/photo/s_ratio_poster/public/p2513824497.jpg
博弈论,9.4,美国,剧情,https://movie.douban.com/subject/3272459/,https://img3.doubanio.com/view/photo/s_ratio_poster/public/p2254959230.jpg
拜访森林,9.4,美国,剧情,https://movie.douban.com/subject/25741291/,https://img3.doubanio.com/view/photo/s_ratio_poster/public/p2155898916.jpg
天使在美国第一部：千禧年降临,9.4,美国,剧情,https://movie.douban.com/subject/27021257/,https://img3.doubanio.com/view/photo/s_ratio_poster/public/p2455727120.jpg
Christina Aguilera: Back to Basics - Live and Down Under,9.4,美国,剧情,https://movie.douban.com/subject/3060405/,https://img3.doubanio.com/view/photo/s_ratio_poster/public/p2498697744.jpg
聪明狗走天涯,9.4,美国,剧情,https://movie.douban.com/subject/1297777/,https://img1.doubanio.com/lpic/s1788447.jpg
南方公园之梦想国度,9.3,美国,剧情,https://movie.douban.com/subject/5179539/,https://img3.doubanio.com/lpic/s5293436.jpg
盗梦空间,9.3,美国,剧情,https://movie.douban.com/subject/3541415/,https://img3.doubanio.com/view/photo/s_ratio_poster/public/p513344864.jpg
海豚湾,9.3,美国,剧情,https://movie.douban.com/subject/3442220/,https://img3.doubanio.com/view/photo/s_ratio_poster/public/p455222172.jpg
The Work of Director Michel Gondry,9.3,美国,剧情,https://movie.douban.com/subject/1400646/,https://img3.doubanio.com/view/photo/s_ratio_poster/public/p2515063983.jpg
诱惑乐队,9.3,美国,剧情,https://movie.douban.com/subject/2138114/,https://img3.doubanio.com/lpic/s2572066.jpg
查理布朗男孩,9.3,美国,剧情,https://movie.douban.com/subject/1295406/,https://img1.doubanio.com/view/photo/s_ratio_poster/public/p577559527.jpg
山谷崛起,9.3,美国,剧情,https://movie.douban.com/subject/26291600/,https://img3.doubanio.com/view/photo/s_ratio_poster/public/p2221606645.jpg
土豆工厂,9.2,美国,剧情,https://movie.douban.com/subject/1793083/,https://img3.doubanio.com/view/photo/s_ratio_poster/public/p2233036824.jpg
冰上卡门,9.3,美国,剧情,https://movie.douban.com/subject/1998081/,https://img3.doubanio.com/lpic/s4044014.jpg
泰坦尼克号,9.2,美国,剧情,https://movie.douban.com/subject/1292722/,https://img3.doubanio.com/view/photo/s_ratio_poster/public/p457760035.jpg
海上钢琴师,9.2,美国,剧情,https://movie.douban.com/subject/1292001/,https://img1.doubanio.com/view/photo/s_ratio_poster/public/p511146807.jpg
忠犬八公的故事,9.2,美国,剧情,https://movie.douban.com/subject/3011091/,https://img3.doubanio.com/view/photo/s_ratio_poster/public/p524964016.jpg
疯狂动物城,9.2,美国,剧情,https://movie.douban.com/subject/25662329/,https://img1.doubanio.com/view/photo/s_ratio_poster/public/p2315672647.jpg
霸王别姬,9.5,香港,剧情,https://movie.douban.com/subject/1291546/,https://img3.doubanio.com/view/photo/s_ratio_poster/public/p1910813120.jpg
Small Matters 音乐录像故事,9.4,香港,剧情,https://movie.douban.com/subject/2295463/,https://img1.doubanio.com/lpic/s2752638.jpg
背靠背，脸对脸,9.3,香港,剧情,https://movie.douban.com/subject/1307856/,https://img1.doubanio.com/view/photo/s_ratio_poster/public/p2512625908.jpg
帝女花,9.3,香港,剧情,https://movie.douban.com/subject/1918697/,https://img1.doubanio.com/view/photo/s_ratio_poster/public/p2324412917.jpg
大话西游之大圣娶亲,9.2,香港,剧情,https://movie.douban.com/subject/1292213/,https://img3.doubanio.com/view/photo/s_ratio_poster/public/p2455050536.jpg
幸福的旁边,9.1,香港,剧情,https://movie.douban.com/subject/26879897/,https://img3.doubanio.com/view/photo/s_ratio_poster/public/p2503447611.jpg
活着,9.1,香港,剧情,https://movie.douban.com/subject/1292365/,https://img3.doubanio.com/view/photo/s_ratio_poster/public/p2513253791.jpg
南海十三郎,9.1,香港,剧情,https://movie.douban.com/subject/1303913/,https://img1.doubanio.com/view/photo/s_ratio_poster/public/p2328424489.jpg
无间道,9.0,香港,剧情,https://movie.douban.com/subject/1307914/,https://img3.doubanio.com/view/photo/s_ratio_poster/public/p2233971046.jpg
上海滩,9.0,香港,剧情,https://movie.douban.com/subject/6311260/,https://img3.doubanio.com/view/photo/s_ratio_poster/public/p2344833803.jpg
迈克尔·杰克逊：音乐历史专辑全集,9.6,美国,恐怖,https://movie.douban.com/subject/2122919/,https://img3.doubanio.com/lpic/s2541232.jpg
欢乐树的朋友们：赶尽杀绝,9.2,美国,恐怖,https://movie.douban.com/subject/3075070/,https://img3.doubanio.com/lpic/s1806732.jpg
颤栗,9.2,美国,恐怖,https://movie.douban.com/subject/3266978/,https://img3.doubanio.com/view/photo/s_ratio_poster/public/p2513096712.jpg
欢乐树的朋友们：第三击,9.2,美国,恐怖,https://movie.douban.com/subject/1393472/,https://img3.doubanio.com/lpic/s1806711.jpg
鬼怪,9.2,美国,恐怖,https://movie.douban.com/subject/2135590/,https://img1.doubanio.com/view/photo/s_ratio_poster/public/p2323125538.jpg
欢乐树的朋友们,9.1,美国,恐怖,https://movie.douban.com/subject/4181031/,https://img3.doubanio.com/view/photo/s_ratio_poster/public/p1269191733.jpg
欢乐树的朋友们：滑雪巡逻救生队,9.1,美国,恐怖,https://movie.douban.com/subject/3075092/,https://img3.doubanio.com/lpic/s3622650.jpg
辛普森一家之万圣节专辑之恐怖树屋,9.1,美国,恐怖,https://movie.douban.com/subject/2296049/,https://img3.doubanio.com/lpic/s2753652.jpg
欢乐树的朋友们：第一滴血,9.0,美国,恐怖,https://movie.douban.com/subject/1393470/,https://img1.doubanio.com/lpic/s1806727.jpg
Eddie Izzard: Dress to Kill,9.0,美国,恐怖,https://movie.douban.com/subject/1866427/,https://img3.doubanio.com/view/photo/s_ratio_poster/public/p2180891675.jpg
1991年莫斯科摇滚音乐节,9.6,美国,暴力,https://movie.douban.com/subject/1870578/,https://img1.doubanio.com/view/photo/s_ratio_poster/public/p2157965357.jpg
魔法门之英雄无敌3：死亡阴影,9.4,美国,暴力,https://movie.douban.com/subject/4935231/,https://img3.doubanio.com/lpic/s4432480.jpg
UFC一百场最伟大的比赛,9.3,美国,暴力,https://movie.douban.com/subject/4169014/,https://img1.doubanio.com/lpic/s4077247.jpg
教父,9.2,美国,暴力,https://movie.douban.com/subject/1291841/,https://img3.doubanio.com/view/photo/s_ratio_poster/public/p2190556185.jpg
欢乐树的朋友们：赶尽杀绝,9.2,美国,暴力,https://movie.douban.com/subject/3075070/,https://img3.doubanio.com/lpic/s1806732.jpg
欢乐树的朋友们：第二发球,9.2,美国,暴力,https://movie.douban.com/subject/1393471/,https://img3.doubanio.com/view/photo/s_ratio_poster/public/p2162261726.jpg
欢乐树的朋友们：第三击,9.2,美国,暴力,https://movie.douban.com/subject/1393472/,https://img3.doubanio.com/lpic/s1806711.jpg
欢乐树的朋友们：寒假,9.2,美国,暴力,https://movie.douban.com/subject/1872077/,https://img3.doubanio.com/lpic/s1806745.jpg
两杆大烟枪,9.1,美国,暴力,https://movie.douban.com/subject/1293350/,https://img1.doubanio.com/view/photo/s_ratio_poster/public/p792443418.jpg
教父2,9.1,美国,暴力,https://movie.douban.com/subject/1299131/,https://img1.doubanio.com/view/photo/s_ratio_poster/public/p2194138787.jpg
欢乐树的朋友们,9.1,美国,暴力,https://movie.douban.com/subject/4181031/,https://img3.doubanio.com/view/photo/s_ratio_poster/public/p1269191733.jpg
欢乐树的朋友们：滑雪巡逻救生队,9.1,美国,暴力,https://movie.douban.com/subject/3075092/,https://img3.doubanio.com/lpic/s3622650.jpg
蝙蝠侠：黑暗骑士,9.0,美国,暴力,https://movie.douban.com/subject/1851857/,https://img3.doubanio.com/view/photo/s_ratio_poster/public/p462657443.jpg
欢乐树的朋友们：第一滴血,9.0,美国,暴力,https://movie.douban.com/subject/1393470/,https://img1.doubanio.com/lpic/s1806727.jpg
欢乐树的朋友们：鼹鼠进城,9.0,美国,暴力,https://movie.douban.com/subject/1872083/,https://img1.doubanio.com/lpic/s1806738.jpg
